{"eval_loss": 1.0017094612121582, "eval_accuracy": 0.2879999876022339, "eval_runtime": 54.4954, "eval_samples_per_second": 18.35, "eval_steps_per_second": 2.294}